DELETE FROM test.Poll
DELETE FROM test.Device
DELETE FROM test.UserAccount
INSERT INTO USERACCOUNT(ID, USERNAME, EMAIL, PASSWORD, ADMIN) values (1001, 'olanordmann', 'olanordmann@norge.no', 'norge', 0)
INSERT INTO USERACCOUNT(ID, USERNAME, EMAIL, PASSWORD, ADMIN) values (1002, 'andsim', 'andsim@uib.no', '1234', 0)
INSERT INTO USERACCOUNT(ID, USERNAME, EMAIL, PASSWORD, ADMIN) values (1003, 'rektor', 'rektor@uib.no', 'passord', 1)
INSERT INTO POLL(ID, QUESTION, YESVOTE, NOVOTE, ISPUBLIC, CODE, DURATION, USERACCOUNT_ID) values (1001, 'Ananas på pizza?', 53, 3, 1, '1234', 120, 1002)
INSERT INTO POLL(ID, QUESTION, YESVOTE, NOVOTE, ISPUBLIC, CODE, DURATION, USERACCOUNT_ID) values (1002, 'Norge vinner VM', 2, 91, 1, '2401', 120, 1001)
INSERT INTO POLL(ID, QUESTION, YESVOTE, NOVOTE, ISPUBLIC, CODE, DURATION, USERACCOUNT_ID) values (1003, 'Pizza er bedre enn burger?', 56, 63, 1, '2161', 120, 1001)
INSERT INTO POLL(ID, QUESTION, YESVOTE, NOVOTE, ISPUBLIC, CODE, DURATION, USERACCOUNT_ID) values (1004, 'Er hunder bedre enn katter?', 126, 67, 1, '9482', 120, 1002)
INSERT INTO POLL(ID, QUESTION, YESVOTE, NOVOTE, ISPUBLIC, CODE, DURATION, USERACCOUNT_ID) values (1005, 'Har du høydeskrekk?', 56, 41, 1, '7431', 120, 1003)
INSERT INTO DEVICE(ID, YESVOTE, NOVOTE, POLL_ID) values (1001, 16, 4, 1001)
INSERT INTO DEVICE(ID, YESVOTE, NOVOTE, POLL_ID) values (1002, 7, 13, 1003)
INSERT INTO DEVICE(ID, YESVOTE, NOVOTE, POLL_ID) values (1003, 8, 8, 1005)
INSERT INTO DEVICE(ID, YESVOTE, NOVOTE, POLL_ID) values (1004, 12, 6, 1002)
INSERT INTO DEVICE(ID, YESVOTE, NOVOTE, POLL_ID) values (1005, 14, 3, 1001)