DELETE FROM test.Poll
DELETE FROM test.Device
DELETE FROM test.UserAccount
INSERT INTO USERACCOUNT(ID, USERNAME, EMAIL, PASSWORD, ADMIN) values (1, 'olanordmann', 'olanordmann@norge.no', 'norge', 0)
INSERT INTO USERACCOUNT(ID, USERNAME, EMAIL, PASSWORD, ADMIN) values (2, 'andsim', 'andsim@uib.no', '1234', 0)
INSERT INTO USERACCOUNT(ID, USERNAME, EMAIL, PASSWORD, ADMIN) values (3, 'rektor', 'rektor@uib.no', 'passord', 1)
INSERT INTO POLL(ID, QUESTION, YESVOTE, NOVOTE, ISPUBLIC, CODE, DURATION, USERACCOUNT_ID) values (1, 'Ananas på pizza?', 53, 3, 1, '1234', 120, 2)
INSERT INTO POLL(ID, QUESTION, YESVOTE, NOVOTE, ISPUBLIC, CODE, DURATION, USERACCOUNT_ID) values (2, 'Norge vinner VM', 2, 91, 1, '2401', 120, 1)
INSERT INTO POLL(ID, QUESTION, YESVOTE, NOVOTE, ISPUBLIC, CODE, DURATION, USERACCOUNT_ID) values (3, 'Pizza er bedre enn burger?', 56, 63, 1, '2161', 120, 1)
INSERT INTO POLL(ID, QUESTION, YESVOTE, NOVOTE, ISPUBLIC, CODE, DURATION, USERACCOUNT_ID) values (4, 'Er hunder bedre enn katter?', 126, 67, 1, '9482', 120, 2)
INSERT INTO POLL(ID, QUESTION, YESVOTE, NOVOTE, ISPUBLIC, CODE, DURATION, USERACCOUNT_ID) values (5, 'Har du høydeskrekk?', 56, 41, 1, '7431', 120, 3)
INSERT INTO DEVICE(ID, YESVOTE, NOVOTE, POLL_ID) values (1, 16, 4, 1)
INSERT INTO DEVICE(ID, YESVOTE, NOVOTE, POLL_ID) values (2, 7, 13, 3)
INSERT INTO DEVICE(ID, YESVOTE, NOVOTE, POLL_ID) values (3, 8, 8, 5)
INSERT INTO DEVICE(ID, YESVOTE, NOVOTE, POLL_ID) values (4, 12, 6, 2)
INSERT INTO DEVICE(ID, YESVOTE, NOVOTE, POLL_ID) values (5, 14, 3, 1)